From	To
P06733	CCDS97.1
P54652	CCDS9766.1
Q9UQ80	CCDS8902.1
P04406	CCDS58201.1
P04406	CCDS8549.1
P0DMV8	CCDS34414.1
P09429	CCDS9335.1
P14618	CCDS32284.1
P14618	CCDS32285.1
Q8NC51	CCDS30746.1
Q8NC51	CCDS30747.1
Q8NC51	CCDS30748.1
Q8NC51	CCDS639.1
P0CG47	CCDS11177.1
Q15717	CCDS12193.1
P47813	CCDS14196.1
P08670	CCDS7120.1
Q6IS14	CCDS53546.1
Q13162	CCDS14206.1
P31943	CCDS4446.1
Q9Y6C9	CCDS7943.1
P11021	CCDS6863.1
Q99714	CCDS14354.1
Q99714	CCDS35300.1
P07737	CCDS11061.1
Q5HY92	CCDS2221.2
P12270	CCDS41446.1
P17987	CCDS5269.1
P62195	CCDS11645.1
P62195	CCDS56043.1
Q92597	CCDS34945.1
Q92597	CCDS59113.1
P07949	CCDS53525.1
P07949	CCDS7200.1
Q9ULD9	CCDS34219.1
Q12851	CCDS8082.1
Q12851	CCDS81582.1
P78527	CCDS75734.1
P78527	CCDS75735.1
P10412	CCDS4586.1
Q6ZVK8	CCDS75706.1
P40926	CCDS5581.1
P40926	CCDS64691.1
Q86VP6	CCDS8977.1
Q8IV48	CCDS5972.1
Q09666	CCDS31584.1
Q09666	CCDS44625.1
P27797	CCDS12288.1
P57721	CCDS42974.2
P57721	CCDS46652.1
P57721	CCDS86993.1
P57721	CCDS86994.1
Q96HS1	CCDS53845.1
Q96HS1	CCDS9280.1
Q9BSE2	CCDS1138.1
P26038	CCDS14382.1
P28907	CCDS3417.1
Q15120	CCDS14212.1
Q15120	CCDS48088.1
Q96FA3	CCDS1876.1
Q14689	CCDS46655.1
Q14689	CCDS46656.1
Q14689	CCDS46657.1
Q14689	CCDS54490.1
Q14689	CCDS54491.1
Q9NPC2	CCDS6377.1
O75191	CCDS2678.1
P32298	CCDS33946.1
P32298	CCDS33947.1
P32298	CCDS47002.1
P32298	CCDS68656.1
Q9BQ89	CCDS13008.1
P49641	CCDS32332.1
O43306	CCDS8767.1
O43306	CCDS8768.1
Q15544	CCDS4797.1
Q15544	CCDS59014.1
Q8TDW7	CCDS91573.1
O76071	CCDS2019.1
Q00587	CCDS13949.1
Q86X52	CCDS10390.1
Q8WU10	CCDS31755.1
Q8WU10	CCDS86287.1
Q8NEN9	CCDS7600.1
Q8TAT6	CCDS45812.1
P54826	CCDS6674.1
Q96P67	CCDS14259.1
Q96BM1	CCDS9973.1
Q7RTP0	CCDS73691.1
Q7RTP0	CCDS73692.1
Q9H228	CCDS12240.1
P17342	CCDS47196.1
P17342	CCDS56356.1
P17342	CCDS56357.1
P51570	CCDS11728.1
P21817	CCDS33011.1
P21817	CCDS42563.1
P21917	CCDS7710.1
P09603	CCDS30797.1
P09603	CCDS816.1
P09603	CCDS817.1
O43663	CCDS32334.1
O43663	CCDS45352.1
O43663	CCDS45353.2
P22105	CCDS4736.1
P22105	CCDS93886.1
O15389	CCDS33088.1
Q8NER5	CCDS2205.1
Q8NER5	CCDS46432.1
Q8NER5	CCDS46433.1
Q8NER5	CCDS46434.1
Q9H9L4	CCDS44869.1
Q96FE5	CCDS45313.1
Q96FE5	CCDS73766.1
Q9C0A1	CCDS55907.1
P07199	CCDS13064.1
Q9BZG2	CCDS12802.1
O75382	CCDS58115.1
O75382	CCDS7764.1
Q96JB2	CCDS9398.1
Q9UBC2	CCDS32944.1
Q9UBC2	CCDS58653.1
Q9UBC2	CCDS58654.1
Q9UBC2	CCDS59363.1
O94805	CCDS5702.1
Q8TBZ9	CCDS34678.1
O60658	CCDS10336.1
O60658	CCDS10337.1
O60658	CCDS58397.1
O95684	CCDS5296.1
O95684	CCDS5297.1
Q9H204	CCDS33963.1
Q2QL34	CCDS10560.1
Q2QL34	CCDS45421.1
P55072	CCDS6573.1
O75385	CCDS9274.1
Q8NA61	CCDS66540.1
Q8NA61	CCDS9399.1
Q14573	CCDS4783.1
Q7Z4Q2	CCDS10739.1
Q9Y6V0	CCDS47630.1
Q9Y6V0	CCDS47631.1
Q96BT3	CCDS42182.1
Q07666	CCDS350.1
Q07666	CCDS60067.1
P14061	CCDS11428.1
Q8IV13	CCDS4350.2
Q13796	CCDS14135.1
Q92922	CCDS2758.1
P61966	CCDS47669.1
O95396	CCDS13435.1
E9PAV3	CCDS44925.2
E9PAV3	CCDS91708.1
Q6SZW1	CCDS11230.2
Q8IU81	CCDS12678.1
P17858	CCDS33582.1
P19235	CCDS12260.1
Q9NZV8	CCDS5776.1
P54296	CCDS5957.1
P53396	CCDS11412.1
P53396	CCDS11413.1
Q8IY22	CCDS54044.1
Q8IY22	CCDS54045.1
P23610	CCDS35459.1
P23610	CCDS35462.1
P23610	CCDS35463.1
Q2M1K9	CCDS32445.1
Q2M1K9	CCDS61930.1
P40121	CCDS1974.1
P40121	CCDS58715.1
Q8N8Q3	CCDS54172.1
Q8N8Q3	CCDS54173.1
Q8N8Q3	CCDS54174.1
Q96DM3	CCDS32803.1
Q96B18	CCDS12688.2
Q5ST30	CCDS34387.1
Q5ST30	CCDS54981.1
O43313	CCDS32494.1
O43313	CCDS73917.1
Q9NZU7	CCDS31913.1
Q9NZU7	CCDS9204.1
Q9NZU7	CCDS9205.1
Q12879	CCDS10539.1
Q12879	CCDS45407.1
Q8IZ26	CCDS47945.1
Q8NF91	CCDS5236.2
P49736	CCDS3043.1
Q9UPW8	CCDS46013.2
A7XYQ1	CCDS43488.1
P02771	CCDS3556.1
Q8NGP2	CCDS31529.1
Q96HN2	CCDS47706.1
Q96HN2	CCDS47707.2
Q96HN2	CCDS47708.1
Q96HN2	CCDS5812.1
Q86XP0	CCDS32203.1
Q15270	CCDS93464.1
Q9UKT7	CCDS9457.1
P04626	CCDS32642.1
P04626	CCDS45667.1
P04626	CCDS74052.1
P26572	CCDS4458.1
Q7Z7G8	CCDS47903.1
Q7Z7G8	CCDS6280.1
Q7Z7G8	CCDS6281.1
Q9NQ50	CCDS13760.1
Q13470	CCDS45602.1
Q13470	CCDS58510.1
Q8IZJ1	CCDS58083.1
Q8IZJ1	CCDS7309.1
Q6F5E8	CCDS45513.1
Q6F5E8	CCDS81998.1
Q8NBL3	CCDS1804.1
P13224	CCDS42980.1
Q8IWY9	CCDS32209.1
Q9P2T0	CCDS12025.1
Q9P2T0	CCDS12026.1
Q4ZG55	CCDS33146.1
Q4ZG55	CCDS33147.1
Q4ZG55	CCDS42655.1
O15105	CCDS11936.1
O15105	CCDS54186.1
O15105	CCDS59317.1
O14523	CCDS8413.1
O14523	CCDS91609.1
Q15155	CCDS10556.1
Q8WTV0	CCDS45008.1
Q8WTV0	CCDS91769.1
Q8WTV0	CCDS9259.1
Q15399	CCDS33973.1
O94985	CCDS105.1
O94985	CCDS30580.1
Q7Z7M0	CCDS12604.2
Q7Z7M0	CCDS62693.1
Q9Y639	CCDS10249.1
Q9Y639	CCDS10250.1
Q9Y639	CCDS58379.1
Q9Y639	CCDS58380.1
O94901	CCDS43533.1
O94901	CCDS47525.1
O94901	CCDS55078.1
O94901	CCDS55079.1
P07203	CCDS43091.1
P07203	CCDS54582.1
P61927	CCDS3934.1
O95998	CCDS44666.1
O95998	CCDS8205.1
O95998	CCDS8206.2
O00391	CCDS1337.1
O00391	CCDS30950.1
Q8IW41	CCDS44975.1
Q8IW41	CCDS44976.1
P50135	CCDS2181.1
P50135	CCDS33296.1
P50135	CCDS33297.1
Q01518	CCDS41309.1
Q01518	CCDS81304.1
O15399	CCDS12719.1
Q01101	CCDS13143.1
Q14119	CCDS32687.1
Q32P41	CCDS32092.1
Q02446	CCDS5373.1
Q8TEW8	CCDS42804.1
Q8TEW8	CCDS42805.1
Q8TEW8	CCDS42806.1
Q8TEW8	CCDS77511.1
O00241	CCDS13019.1
O00241	CCDS42850.1
Q9BYK8	CCDS13527.1
Q9BYK8	CCDS33508.1
O43156	CCDS13300.1
Q96C23	CCDS1797.1
Q6P2E9	CCDS10849.1
O00159	CCDS11003.1
O00159	CCDS42226.1
O00159	CCDS45562.1
A8MYA2	CCDS75991.1
A8MYA2	CCDS75992.1
Q16478	CCDS12595.1
Q16478	CCDS77305.1
Q15828	CCDS8126.1
P20933	CCDS3829.1
Q7L9B9	CCDS34619.1
O94761	CCDS75804.1
Q13423	CCDS3949.1
Q7Z2Y5	CCDS65305.1
Q00610	CCDS32696.1
Q15678	CCDS1514.1
P36952	CCDS32839.1
Q6ZQN7	CCDS34205.1
Q5FWF5	CCDS32800.1
Q9NYV6	CCDS10559.1
Q16828	CCDS9033.1
Q16828	CCDS9034.1
Q96AQ9	CCDS41270.1
Q14156	CCDS34942.2
Q14156	CCDS83328.1
Q2I0M4	CCDS35184.1
Q13619	CCDS41908.1
Q13619	CCDS9533.1
P51800	CCDS167.1
P51800	CCDS41269.1
P51800	CCDS57973.1
O60346	CCDS45881.2
Q6PCT2	CCDS45465.1
O75427	CCDS34706.1
P53674	CCDS13840.1
Q6ZMI3	CCDS10140.2
Q6ZMI3	CCDS81882.1
Q8IVF2	CCDS45177.1
Q9UMF0	CCDS12233.1
P35611	CCDS3363.1
P35611	CCDS3364.1
P35611	CCDS43205.1
P35611	CCDS75094.1
P35611	CCDS93468.1
Q9BVN2	CCDS1112.1
Q9BVN2	CCDS41410.1
Q9BVN2	CCDS41411.1
Q9BVN2	CCDS41412.1
P17861	CCDS13847.1
Q14103	CCDS3590.1
Q14103	CCDS3591.1
Q14103	CCDS3592.1
Q14103	CCDS93554.1
O95059	CCDS2888.1
Q5U5R9	CCDS7414.1
Q5U5R9	CCDS7415.1
Q9Y4F5	CCDS45175.1
Q9Y4F5	CCDS45176.2
Q6ZXV5	CCDS9032.1
Q8TF61	CCDS46337.2
P18754	CCDS41295.1
Q38SD2	CCDS42086.1
P00558	CCDS14438.1
P48382	CCDS994.1
P23942	CCDS4871.1
P35913	CCDS33932.1
P35913	CCDS46993.1
P35913	CCDS54703.1
Q8N7J2	CCDS53859.1
Q8N7J2	CCDS9312.1
Q5T4S7	CCDS189.1
Q9Y468	CCDS13319.1
Q9Y468	CCDS46602.2
Q9Y468	CCDS93046.1
P00325	CCDS34033.1
P00325	CCDS68761.1
P20264	CCDS33265.1
Q6ZTR5	CCDS14237.2
Q6ZTR5	CCDS83464.1
Q9NUB1	CCDS13167.1
Q9NUB1	CCDS58764.1
Q9NUB1	CCDS58765.1
O43615	CCDS12192.1
Q5T7P8	CCDS871.1
Q5T7P8	CCDS91027.1
Q96P70	CCDS1415.1
Q9UQQ2	CCDS9153.1
O75629	CCDS1262.1
Q96R06	CCDS32594.1
Q96AQ7	CCDS2587.1
Q96AQ7	CCDS56239.1
Q96AQ7	CCDS82731.1
P56270	CCDS42143.1
P56270	CCDS42144.1
P56270	CCDS61902.1
P56270	CCDS61903.1
O43868	CCDS10121.1
P09467	CCDS6712.1
Q6NXR0	CCDS12629.1
P23229	CCDS2249.1
P23229	CCDS46451.1
P23229	CCDS82534.1
P23229	CCDS92897.1
Q15149	CCDS43769.1
Q15149	CCDS43770.1
Q15149	CCDS43771.1
Q15149	CCDS43772.1
Q15149	CCDS43773.1
Q15149	CCDS43774.1
Q15149	CCDS43775.1
Q15149	CCDS47936.1
O00592	CCDS34755.1
O00592	CCDS47714.1
Q86X55	CCDS12250.1
Q86X55	CCDS92516.1
O60248	CCDS32549.1
P20648	CCDS12467.1
Q08AH3	CCDS32401.1
O94759	CCDS13710.1
Q9H0B8	CCDS10949.1
Q96T51	CCDS34312.1
Q96T51	CCDS4445.2
Q96RV3	CCDS76695.1
Q96RV3	CCDS9806.1
Q86UL8	CCDS5594.1
Q86UL8	CCDS75623.1
Q7Z4H4	CCDS33682.1
Q9Y2T7	CCDS11098.1
P26358	CCDS12228.1
P26358	CCDS45958.1
Q8TAT2	CCDS7418.1
Q8WX94	CCDS12912.1
Q8WX94	CCDS33109.1
Q8WX94	CCDS46183.1
Q8WUK0	CCDS41643.1
Q8WUK0	CCDS44593.1
Q03111	CCDS12160.1
Q14190	CCDS13646.1
Q8N4Q0	CCDS12008.1
Q8N4Q0	CCDS77198.1
Q9NRJ4	CCDS34561.1
Q9NRJ4	CCDS34562.1
P09874	CCDS1554.1
O95140	CCDS30587.1
Q96SB3	CCDS74102.1
Q9ULH4	CCDS34443.1
Q2M1Z3	CCDS43135.1
O60741	CCDS3952.1
Q86TB3	CCDS11966.2
O75808	CCDS10410.1
O75443	CCDS8434.1
A6NJ69	CCDS34244.1
Q04206	CCDS31609.1
Q04206	CCDS44651.1
P0C6S8	CCDS45905.1
Q5PRF9	CCDS33020.1
P98171	CCDS14736.1
P98171	CCDS55540.1
Q9UPX6	CCDS32306.1
Q6PGP7	CCDS4072.1
Q5HYW2	CCDS87759.1
Q9BWD1	CCDS5268.1
Q7Z419	CCDS34345.1
Q9Y2G0	CCDS46231.1
Q8TCS8	CCDS1856.1
Q86W56	CCDS73130.1
Q92620	CCDS10907.1
Q9NWH9	CCDS10168.2
Q13319	CCDS2427.1
Q6ZMB5	CCDS43537.1
Q9H7Z7	CCDS6891.1
Q14738	CCDS43464.1
Q14738	CCDS4878.1
Q14738	CCDS55002.1
Q14112	CCDS9706.1
P21579	CCDS9017.1
Q2WGN9	CCDS42976.1
Q9BXF6	CCDS1923.1
Q9Y3Q8	CCDS5695.1
O15055	CCDS2528.1
Q96JB1	CCDS4838.1
A0A1W2PP81	CCDS93693.1
P0C7Q2	CCDS53585.1
Q8NBJ5	CCDS12363.1
P20023	CCDS1478.1
P20023	CCDS31007.1
Q16322	CCDS826.1
P08571	CCDS4232.1
Q8WUF5	CCDS33050.1
P98164	CCDS2232.1
O94964	CCDS46598.1
O94964	CCDS54459.1
Q14432	CCDS31754.1
Q9NXR5	CCDS66580.1
Q9NXR5	CCDS9520.1
P04424	CCDS47597.1
P04424	CCDS47598.1
P04424	CCDS5531.1
Q96S99	CCDS12417.1
Q9Y5N1	CCDS13493.1
Q15465	CCDS5942.1
Q02156	CCDS1824.1
P14625	CCDS9094.1
O95057	CCDS12092.1
O43824	CCDS75943.1
O43150	CCDS1661.1
O43150	CCDS46224.1
Q9BQ16	CCDS34095.1
Q9BQ16	CCDS54817.1
Q9BQ16	CCDS56343.1
Q9BQ16	CCDS56344.1
Q9BQ16	CCDS56346.1
Q9BQ16	CCDS56347.1
Q9BQ16	CCDS58931.1
P04198	CCDS1687.1
O14578	CCDS55891.1
O14578	CCDS9192.1
P51955	CCDS1500.1
P51955	CCDS55682.1
P41181	CCDS8792.1
Q8N357	CCDS1728.1
O95793	CCDS13414.1
O95793	CCDS13415.1
O95793	CCDS33481.1
O95996	CCDS12068.1
Q8IZL8	CCDS58503.3
Q8IYB4	CCDS3236.1
Q8IYB4	CCDS58861.1
Q8IYB4	CCDS58862.1
Q8IYB4	CCDS58863.1
Q8IYB4	CCDS58864.1
Q8IYB4	CCDS58865.1
Q8IYB4	CCDS58866.1
Q8IYB4	CCDS58867.1
A6NKL6	CCDS45825.1
Q16690	CCDS7566.1
Q9NZV1	CCDS1783.1
O60244	CCDS14254.1
O95980	CCDS6597.1
Q02078	CCDS45362.1
Q02078	CCDS45363.1
Q02078	CCDS53978.1
Q02078	CCDS58401.1
Q02078	CCDS81920.1
Q02078	CCDS92067.1
Q8N201	CCDS47526.1
Q6ZMT4	CCDS43658.1
Q6UWB4	CCDS56523.1
Q6UWB4	CCDS5976.1
Q9Y5F8	CCDS47293.1
Q9Y5F8	CCDS75344.1
Q6EMB2	CCDS32124.1
Q9UNW1	CCDS53551.1
Q9UNW1	CCDS53552.1
Q9UNW1	CCDS7384.1
Q14833	CCDS4787.1
Q14833	CCDS59010.1
Q14833	CCDS59011.1
Q14833	CCDS59012.1
P55283	CCDS13488.1
P55283	CCDS58784.1
P02787	CCDS3080.1
P67809	CCDS470.1
Q86V48	CCDS30628.1
Q14997	CCDS33197.2
Q9Y320	CCDS44601.1
Q9Y320	CCDS7967.1
Q07864	CCDS9278.1
P29120	CCDS4081.1
P29120	CCDS54881.1
Q6DN14	CCDS34203.1
Q6DN14	CCDS47247.1
Q6DN14	CCDS75275.1
Q6DN14	CCDS93747.1
P78363	CCDS747.1
O14924	CCDS3366.1
O14924	CCDS3367.1
O14924	CCDS3368.1
Q6W4X9	CCDS44513.1
P13727	CCDS58133.1
P13727	CCDS7955.1
Q9NX09	CCDS7315.1
Q5VZ18	CCDS30877.1
P0CG23	CCDS59048.1
Q4KMQ1	CCDS56594.1
Q9P270	CCDS47051.1
Q8NFM4	CCDS9627.1
Q9Y6E2	CCDS5362.1
Q13021	CCDS2085.1
Q9UN72	CCDS54918.1
A0A1B0GUV7	CCDS83406.1
Q8IWZ3	CCDS4225.1
Q8IWZ3	CCDS43371.1
Q8IWZ3	CCDS43372.1
Q8IWZ3	CCDS75319.1
P09848	CCDS2178.1
Q9BUH8	CCDS9962.1
O43609	CCDS3731.1
P98175	CCDS14274.1
P98175	CCDS56600.1
P98175	CCDS75969.1
P98175	CCDS78478.1
Q9Y3P9	CCDS6848.2
O43424	CCDS3637.1
O43424	CCDS68758.1
E7EW31	CCDS54909.1
Q8WXE0	CCDS11723.1
Q8WXE0	CCDS45775.1
P29274	CCDS13826.1
O43435	CCDS13765.1
O43435	CCDS13766.1
O43435	CCDS13767.1
Q5JR12	CCDS855.2
Q8WVB3	CCDS42402.1
Q8WVB3	CCDS82231.1
P41235	CCDS13330.1
P41235	CCDS13331.1
P41235	CCDS42876.1
P41235	CCDS46604.1
P41235	CCDS46605.1
P41235	CCDS68131.1
Q9H4H8	CCDS42872.2
P59826	CCDS13212.2
Q9H1U4	CCDS48010.2
Q86VN1	CCDS73577.1
Q86VN1	CCDS9434.1
Q92752	CCDS1318.1
Q6X4W1	CCDS48067.1
Q6X4W1	CCDS48068.1
Q6X4W1	CCDS48069.1
Q6X4W1	CCDS55357.1
Q6X4W1	CCDS7044.1
P08294	CCDS3430.1
Q8NBB4	CCDS12969.1
P29323	CCDS229.2
P29323	CCDS230.1
P29323	CCDS81279.1
Q14202	CCDS14409.1
Q14202	CCDS55443.1
Q14202	CCDS55444.1
A6NKF2	CCDS35006.1
O14497	CCDS285.1
O14497	CCDS44091.1
Q9ULW2	CCDS9267.1
O95602	CCDS42706.1
O43603	CCDS11739.1
Q9NS82	CCDS12431.1
O15297	CCDS11625.1
Q27J81	CCDS41999.1
Q27J81	CCDS45173.1
Q27J81	CCDS9989.2
Q8TEU8	CCDS11575.1
Q8NFY4	CCDS32224.1
Q8NFY4	CCDS32225.1
Q8NFY4	CCDS32226.1
Q8NFY4	CCDS32227.1
Q8NFY4	CCDS32228.1
Q8NFY4	CCDS32229.1
P08F94	CCDS4935.1
P08F94	CCDS4936.1
Q16787	CCDS11880.1
Q16787	CCDS42419.1
Q16787	CCDS45838.1
Q16787	CCDS59307.1
P30038	CCDS188.1
P30038	CCDS53272.1
P30038	CCDS81273.1
Q9P2P1	CCDS45090.1
Q12815	CCDS41779.1
Q12815	CCDS61117.1
Q12815	CCDS8784.1
Q9NPG2	CCDS9856.1
Q13469	CCDS13437.1
Q13469	CCDS33488.1
Q13469	CCDS46614.1
Q13469	CCDS68156.1
Q13469	CCDS68157.1
P01282	CCDS5240.1
P01282	CCDS5241.1
P49069	CCDS4178.1
Q15768	CCDS11120.1
Q6QNY0	CCDS12656.1
P28340	CCDS12795.1
A1L390	CCDS76690.1
Q86WA9	CCDS11771.2
O75616	CCDS11244.1
O15511	CCDS1357.1
O15511	CCDS58050.1
Q8TDR0	CCDS33415.1
Q8TDR0	CCDS46557.1
Q6BEB4	CCDS33322.1
Q8IXN7	CCDS466.2
Q9BQI7	CCDS4216.1
Q96A22	CCDS8353.1
Q08380	CCDS11759.1
P08235	CCDS3772.1
P08235	CCDS54811.1
Q8NCR0	CCDS1606.1
Q8NCR0	CCDS60453.1
P22083	CCDS8301.1
Q13332	CCDS12139.1
Q13332	CCDS12140.1
Q13332	CCDS45930.1
A4D0S4	CCDS34732.1
A4D0S4	CCDS83218.1
P14923	CCDS11407.1
Q7Z736	CCDS11434.1
Q5JPB2	CCDS42894.1
O43157	CCDS2765.1
Q9H5P4	CCDS31269.1
Q9H5P4	CCDS73182.1
Q6KF10	CCDS34926.1
Q9NRR5	CCDS1127.1
Q8NCT1	CCDS10377.1
Q10471	CCDS1582.1
P27986	CCDS3993.1
P27986	CCDS3994.1
P27986	CCDS3995.1
P27986	CCDS56374.1
Q9BXB5	CCDS2651.1
Q9BXB5	CCDS54559.1
P28039	CCDS5448.1
P28039	CCDS55102.1
Q68E01	CCDS1052.1
Q99835	CCDS5811.1
P48553	CCDS13704.1
P25874	CCDS3753.1
P45844	CCDS13681.1
P45844	CCDS13682.1
P45844	CCDS13683.1
P45844	CCDS42937.1
P45844	CCDS42938.1
P11717	CCDS5273.1
Q86YD5	CCDS31462.1
Q86YD5	CCDS76394.1
Q8N1V2	CCDS11149.2
Q8N1V2	CCDS42262.1
O94788	CCDS10163.1
O94788	CCDS10164.1
O94788	CCDS45266.1
O94788	CCDS55968.1
Q07890	CCDS91874.1
Q07890	CCDS9697.1
Q96N87	CCDS3860.1
Q96MM6	CCDS13061.1
Q9UKZ1	CCDS2050.1
Q6UXB3	CCDS6388.1
Q9NQC3	CCDS1851.1
Q9NQC3	CCDS1852.1
Q9NQC3	CCDS42683.1
Q9NQC3	CCDS42684.1
Q9NQC3	CCDS42685.1
P15923	CCDS12074.1
P15923	CCDS45899.1
Q8NF64	CCDS43576.1
Q8NF64	CCDS43577.1
Q8NF64	CCDS75591.1
O75182	CCDS32946.1
O75182	CCDS74308.1
Q86X95	CCDS2256.1
Q969R5	CCDS14011.1
Q9HB29	CCDS2056.1
Q9HB29	CCDS86867.1
Q8IYJ3	CCDS298.1
Q8IYJ3	CCDS53286.1
Q9ULW5	CCDS10460.1
Q9ULW5	CCDS76806.1
Q6UWE0	CCDS55347.1
Q6UWE0	CCDS6873.1
O15551	CCDS5559.1
P56696	CCDS456.1
O00468	CCDS30551.1
P25189	CCDS1229.2
P82987	CCDS10326.1
P82987	CCDS73773.1
O94812	CCDS10434.1
O94812	CCDS55978.1
O94812	CCDS55979.1
O94812	CCDS58402.1
O94812	CCDS58403.1
O94812	CCDS66894.1
Q8NFP9	CCDS45026.1
Q8NFP9	CCDS55894.1
P57682	CCDS3444.1
A6NCL2	CCDS73547.1
Q9NWB6	CCDS41906.1
Q99607	CCDS14617.1
Q8IYF1	CCDS11932.1
P41586	CCDS5433.1
P41586	CCDS56480.1
P41586	CCDS56481.1
Q9Y572	CCDS9628.1
Q8TDN4	CCDS42417.1
Q8TDN4	CCDS42418.1
Q8TDN4	CCDS58615.1
P24298	CCDS6430.1
O95363	CCDS4494.1
Q9BSL1	CCDS35177.1
P15514	CCDS3565.1
Q92817	CCDS11737.1
Q92830	CCDS11417.1
P08195	CCDS31589.1
P08195	CCDS31590.1
P08195	CCDS8039.2
Q9UPU3	CCDS7558.1
Q6NUN9	CCDS55180.1
Q6NUN9	CCDS5897.1
O75344	CCDS43595.1
O75344	CCDS47604.1
O75344	CCDS64670.1
Q8N196	CCDS12673.1
Q96F45	CCDS7350.1
Q9Y2H9	CCDS32921.1
Q13576	CCDS34188.1
Q13576	CCDS68897.1
Q13576	CCDS68898.1
Q04671	CCDS10020.1
Q04671	CCDS73701.1
Q8WV16	CCDS41968.2
Q8WV16	CCDS55926.1
Q8WV16	CCDS9809.1
Q8WV16	CCDS9810.1
Q96SM3	CCDS13033.1
Q9Y2V3	CCDS11972.1
P50453	CCDS4478.1
Q9NSA2	CCDS14314.1
Q8IWU2	CCDS5654.1
Q9Y2H6	CCDS41886.1
Q9Y2H6	CCDS9413.2
O96018	CCDS12110.1
Q9NRW7	CCDS60244.1
Q9NRW7	CCDS944.1
Q5GH76	CCDS34893.1
O95450	CCDS34311.1
O95450	CCDS4444.1
O94952	CCDS44989.1
O94952	CCDS9184.1
P78540	CCDS9785.1
Q9NXF7	CCDS3423.1
Q9Y661	CCDS53995.1
O00144	CCDS5548.1
Q9Y2H0	CCDS13274.1
Q9Y2H0	CCDS13275.1
Q9Y2H0	CCDS93034.1
Q16352	CCDS7545.1
Q96FV3	CCDS47346.2
Q96FV3	CCDS54952.1
O43174	CCDS7426.1
O43174	CCDS7427.1
Q9NPH5	CCDS44695.1
Q9NPH5	CCDS44696.1
Q9NPH5	CCDS73361.1
Q9NPH5	CCDS8285.1
Q9NSA0	CCDS76425.1
Q9NSA0	CCDS8074.1
P11274	CCDS13806.1
P11274	CCDS13807.1
P30542	CCDS1434.1
Q9BRQ8	CCDS7297.1
Q03252	CCDS12090.2
P43115	CCDS44160.1
P43115	CCDS652.1
P43115	CCDS655.1
P43115	CCDS656.1
P43115	CCDS657.1
P43115	CCDS658.1
Q8IUX8	CCDS14155.1
Q8IUX8	CCDS55370.1
Q9UQ16	CCDS44276.1
Q9UQ16	CCDS53431.1
Q9UQ16	CCDS60356.1
Q9UQ16	CCDS86032.1
Q6PGQ7	CCDS66560.1
Q6PGQ7	CCDS9446.3
P01036	CCDS13159.1
Q9Y5B0	CCDS12017.1
Q9Y5B0	CCDS12018.1
Q68DK2	CCDS9788.1
P05060	CCDS13092.1
Q8WXF7	CCDS32077.1
Q8WXF7	CCDS9700.1
P51149	CCDS3052.1
A6BM72	CCDS10213.2
A6BM72	CCDS92026.1
P40424	CCDS1246.1
P40424	CCDS55653.1
P40424	CCDS55654.1
Q9Y394	CCDS81810.1
Q9Y394	CCDS9743.1
Q96JN8	CCDS42251.1
Q96JN8	CCDS42252.1
Q15022	CCDS11270.1
Q68BL8	CCDS1236.1
O95263	CCDS34190.1
O95263	CCDS34191.1
O95263	CCDS34192.1
O95263	CCDS34193.1
O95263	CCDS4037.1
Q12946	CCDS10957.2
Q9GZZ7	CCDS13055.1
Q9GZZ7	CCDS13056.1
Q7RTU3	CCDS5186.1
Q0VG99	CCDS42078.1
Q6UB99	CCDS32513.1
Q8N122	CCDS11773.1
Q8N122	CCDS54175.1
Q86XQ3	CCDS4181.1
Q13451	CCDS4808.1
Q13451	CCDS54996.1
O95803	CCDS3708.1
O75197	CCDS8181.1
Q16348	CCDS3007.1
Q16348	CCDS54631.1
Q8N5F7	CCDS14592.1
Q6UXG3	CCDS11470.1
Q6UXG3	CCDS54131.1
Q6UXG3	CCDS54132.1
Q6UXG3	CCDS54133.1
P33121	CCDS3839.1
P33121	CCDS68826.1
Q96MF6	CCDS41796.1
Q96MF6	CCDS44921.1
O15457	CCDS670.1
O15440	CCDS33898.1
O15440	CCDS43176.1
P11216	CCDS13171.1
F5H4A9	CCDS54667.1
Q4KMP7	CCDS10676.2
O75146	CCDS31922.1
P19827	CCDS2864.1
P19827	CCDS54595.1
P61081	CCDS12987.1
Q5RKV6	CCDS10887.1
O95786	CCDS6526.1
Q2TAK8	CCDS12062.2
O14524	CCDS31841.1
O14524	CCDS44927.1
Q96L73	CCDS4412.1
A7MCY6	CCDS45722.1
O94927	CCDS42550.1
P35612	CCDS1906.1
P35612	CCDS1909.1
P35612	CCDS46318.1
P35612	CCDS54365.1
Q86VL8	CCDS11211.1
Q86VL8	CCDS58530.1
Q86VL8	CCDS92273.1
O15482	CCDS14744.2
Q9H2W2	CCDS1552.1
Q9H2W2	CCDS60432.1
Q9NUN5	CCDS4969.1
Q9NUN5	CCDS87415.1
Q9BQB4	CCDS11468.1
Q8N0V3	CCDS12021.1
Q8N0V3	CCDS54194.1
Q9UGU0	CCDS14032.1
Q9UGU0	CCDS14033.1
Q96MI6	CCDS46840.1
Q96MI6	CCDS93282.1
Q9UL52	CCDS33993.1
Q96K78	CCDS2938.1
P48050	CCDS13971.1
Q9UHX1	CCDS47933.1
Q9UHX1	CCDS47934.1
Q9UHX1	CCDS47935.1
Q9UHX1	CCDS59514.1
Q9UHX1	CCDS59515.1
Q9UHX1	CCDS59516.1
Q7Z2T5	CCDS1366.1
A6NNY8	CCDS65260.1
P18583	CCDS13629.1
P18583	CCDS13631.1
P18583	CCDS74784.1
Q8NHL6	CCDS42614.1
Q8NHL6	CCDS42615.1
Q8NHL6	CCDS42616.1
Q8NHL6	CCDS42617.1
Q16626	CCDS4879.1
O43439	CCDS13221.1
O43439	CCDS46590.1
P46098	CCDS53710.1
P46098	CCDS8365.3
P46098	CCDS8366.3
P40305	CCDS32148.1
Q92874	CCDS42105.1
Q8N158	CCDS5689.1
Q96GN5	CCDS47558.1
Q96GN5	CCDS47559.1
Q96GN5	CCDS5374.1
Q08AF3	CCDS32619.1
Q2VWA4	CCDS62441.1
Q2VWA4	CCDS74222.1
Q13233	CCDS43318.1
P55039	CCDS11191.1
P00797	CCDS30981.1
Q10567	CCDS13855.1
Q10567	CCDS13856.2
Q10567	CCDS54515.1
O15027	CCDS55351.1
Q9P218	CCDS46628.1
O15382	CCDS12735.1
O15382	CCDS54290.1
Q9UIF8	CCDS2209.2
Q9UIF8	CCDS74594.1
Q5VST9	CCDS1570.2
Q5VST9	CCDS58065.1
P35590	CCDS482.1
Q8IZJ3	CCDS42519.2
O95136	CCDS12229.1
Q2KJY2	CCDS44342.1
P48664	CCDS12321.1
P48664	CCDS62578.1
Q96A47	CCDS10290.1
P52799	CCDS9507.1
Q9H2Y7	CCDS32208.1
Q9H2Y7	CCDS61603.1
P28360	CCDS3378.2
A5D8V7	CCDS42501.1
A6NJT0	CCDS34583.1
Q5SZB4	CCDS35159.1
Q6N022	CCDS44688.1
O14874	CCDS10705.1
O14874	CCDS45467.1
O14874	CCDS61917.1
Q13263	CCDS12985.1
Q9H324	CCDS12206.1
Q9H324	CCDS62529.1
Q9NYB0	CCDS32491.1
O75602	CCDS58071.1
O75602	CCDS7139.1
O75602	CCDS7140.1
O95995	CCDS10992.1
O95995	CCDS67101.1
P31639	CCDS10714.1
P56975	CCDS31233.1
P56975	CCDS53547.1
P56975	CCDS91287.1
P0C0L5	CCDS47405.1
P05164	CCDS11604.1
Q8TEK3	CCDS42460.1
O75509	CCDS4921.1
P46092	CCDS11435.1
P55157	CCDS3651.1
Q8N966	CCDS45140.1
O60551	CCDS7109.1
P02751	CCDS2399.1
P02751	CCDS2400.1
P02751	CCDS42813.1
P02751	CCDS42814.1
P02751	CCDS46510.1
P02751	CCDS46512.1
P02751	CCDS77522.1
P02751	CCDS77523.1
P02751	CCDS77525.1
P02751	CCDS77526.1
P02751	CCDS92940.1
O15553	CCDS10498.1
O15553	CCDS55981.1
P13639	CCDS12117.1
Q06945	CCDS4547.1
Q17RM4	CCDS1945.1
Q17RM4	CCDS92784.1
Q08999	CCDS10748.1
Q4AC94	CCDS31636.1
Q4AC94	CCDS66167.1
Q9NRN7	CCDS31664.1
Q8IUX7	CCDS5476.1
Q13435	CCDS31612.1
O14976	CCDS3340.1
O14976	CCDS82902.1
P78536	CCDS1665.1
O75179	CCDS34003.1
O75179	CCDS34004.1
O75179	CCDS68721.1
Q969S3	CCDS3886.1
P0CW18	CCDS74669.1
Q9UKB5	CCDS54.1
Q0P6H9	CCDS32210.1
Q9Y5E1	CCDS75328.1
A0PK11	CCDS47032.1
O15484	CCDS8248.1
P07602	CCDS7311.1
P29372	CCDS32345.1
P29372	CCDS32346.1
P29372	CCDS42087.1
Q9UBK8	CCDS47190.1
Q4FZB7	CCDS31623.1
Q4FZB7	CCDS44660.1
O75364	CCDS7532.1
Q8WXH2	CCDS10962.1
P01579	CCDS8980.1
O94880	CCDS47542.1
Q9Y2G1	CCDS31579.1
Q9Y2G1	CCDS44622.1
Q9Y5I2	CCDS34255.1
Q9Y5I2	CCDS54921.1
Q9Y5I2	CCDS75325.1
O00154	CCDS30573.1
O00154	CCDS65.1
O00154	CCDS66.1
O00154	CCDS67.1
Q5BJF6	CCDS56585.1
Q5BJF6	CCDS56586.1
Q5BJF6	CCDS56587.1
Q5BJF6	CCDS56588.1
Q5BJF6	CCDS56589.1
Q5BJF6	CCDS56590.1
Q5BJF6	CCDS6902.1
A5PKW4	CCDS31272.1
A5PKW4	CCDS73187.1
P43119	CCDS12686.1
Q8IV08	CCDS33027.1
Q8IY18	CCDS6632.1
P78324	CCDS13022.1
P78324	CCDS82593.1
P25391	CCDS32787.1
Q8NH10	CCDS41647.1
P54756	CCDS3513.1
P54756	CCDS3514.1
Q96PR1	CCDS58255.1
Q96PR1	CCDS58256.1
Q96PR1	CCDS58257.1
Q96PR1	CCDS9005.1
Q96PR1	CCDS9006.1
Q96PR1	CCDS9007.1
O94804	CCDS34290.1
Q9P0W8	CCDS32132.1
Q9P0W8	CCDS9883.1
Q4VCS5	CCDS14563.1
Q4VCS5	CCDS48154.1
O43194	CCDS2170.1
Q92777	CCDS74900.1
Q92777	CCDS74901.1
Q9P2N6	CCDS46361.1
Q9P2N6	CCDS92814.1
Q96SC8	CCDS44141.1
Q5BIV9	CCDS53589.1
O76021	CCDS10551.1
O75815	CCDS58010.1
O75815	CCDS745.1
O75815	CCDS76181.1
A0AV02	CCDS43143.1
Q9UBX2	CCDS77990.1
Q9UBX2	CCDS93681.1
P51797	CCDS138.1
P51797	CCDS57972.1
O95069	CCDS31024.1
O95069	CCDS41466.1
O95069	CCDS41467.1
Q96RE7	CCDS12294.1
Q9H2A3	CCDS3698.1
Q8WVJ9	CCDS46558.1
Q8N7K0	CCDS45983.1
Q8N7K0	CCDS77240.1
Q5T1R4	CCDS44124.1
Q5T1R4	CCDS463.1
P29122	CCDS73789.1
P29122	CCDS73790.1
P29122	CCDS73791.1
P29122	CCDS73793.1
O95273	CCDS10092.1
O43151	CCDS46339.2
O43516	CCDS2260.1
O43516	CCDS92901.1
Q3SXY8	CCDS2924.1
Q3SXY8	CCDS2925.1
Q3SXY8	CCDS54615.1
O60256	CCDS11200.1
O60256	CCDS58525.1
O60256	CCDS58526.1
O60256	CCDS58527.1
P48378	CCDS12157.1
P48378	CCDS12158.1
P31273	CCDS8870.1
Q7Z6K4	CCDS35188.1
Q9C056	CCDS7670.1
Q9BTK6	CCDS10655.1
Q9H2X9	CCDS13391.1
Q9H2X9	CCDS46610.1
Q96KV7	CCDS42092.1
Q99569	CCDS33305.1
Q99569	CCDS33306.1
Q32MZ4	CCDS2521.1
Q32MZ4	CCDS46551.1
Q32MZ4	CCDS46552.1
Q32MZ4	CCDS46553.1
O15234	CCDS11362.1
O75410	CCDS47845.1
O75410	CCDS55224.1
O75410	CCDS6109.1
O75410	CCDS87601.1
P30291	CCDS44536.1
P30291	CCDS7800.1
Q8N2N9	CCDS74543.1
P50553	CCDS31886.1
A6NGY3	CCDS47329.1
Q14088	CCDS14621.1
Q8WUU4	CCDS12653.1
Q6UXB4	CCDS12185.1
Q9H211	CCDS32510.1
P37288	CCDS8965.1
Q9P2R3	CCDS42236.1
Q9P2R3	CCDS58502.1
Q9P2R3	CCDS82038.1
O60292	CCDS33007.1
Q10570	CCDS34966.1
O43323	CCDS8779.1
Q13459	CCDS46010.1
Q13459	CCDS92551.1
Q13651	CCDS8388.1
P49840	CCDS12599.1
Q92743	CCDS7630.1
O00548	CCDS5313.1
Q9HAJ7	CCDS4326.1
Q9HAJ7	CCDS47321.1
Q9HAJ7	CCDS47322.1
Q00577	CCDS4220.1
Q13105	CCDS165.1
Q13105	CCDS55576.1
Q13105	CCDS72712.1
Q9P275	CCDS32755.1
Q5JRA6	CCDS41470.1
Q5JRA6	CCDS73035.1
Q6ZNB6	CCDS3478.2
P23490	CCDS30870.1
P0C2W1	CCDS46985.1
A0PJY2	CCDS34741.2
A0PJY2	CCDS55157.1
Q15170	CCDS35358.1
O14647	CCDS10374.2
O14647	CCDS45356.1
Q8WUU5	CCDS5625.1
P17509	CCDS11531.1
Q8TCU6	CCDS13410.1
Q9H6D8	CCDS1756.1
A6NFI3	CCDS75563.1
P31260	CCDS5410.2
O15075	CCDS55895.1
O15075	CCDS73561.1
O15075	CCDS81762.1
O15075	CCDS9354.1
Q01954	CCDS10324.1
Q14186	CCDS9538.1
Q86YV5	CCDS43706.1
Q9UM47	CCDS12326.1
Q9NQU5	CCDS61590.1
Q96IK1	CCDS4389.1
Q96IK1	CCDS54951.1
P78426	CCDS3607.1
O60548	CCDS30708.1
O75631	CCDS14064.1
O75631	CCDS54539.1
Q8TER0	CCDS46562.1
Q6VY07	CCDS8129.1
Q8TD94	CCDS5825.1
Q9NPY3	CCDS13149.1
Q9UBP5	CCDS5131.1
O95696	CCDS14080.1
O95696	CCDS77686.1
O60341	CCDS30627.1
O60341	CCDS53278.1
O75618	CCDS1219.1
O75618	CCDS81391.1
Q86YJ7	CCDS11251.1
Q99956	CCDS14724.1
A0A1B0GV03	CCDS91969.1
Q7L5Y1	CCDS11822.1
Q7L5Y1	CCDS45821.1
Q6P1N0	CCDS42512.1
Q6P1N0	CCDS92537.1
Q9BXK1	CCDS12075.1
Q86YD1	CCDS12782.1
O95201	CCDS10494.2
A4D1S0	CCDS5854.1
O14511	CCDS4217.1
O14511	CCDS93793.1
Q8N4C8	CCDS45588.1
Q8N4C8	CCDS45589.1
Q8N4C8	CCDS45590.1
A6NMS7	CCDS11504.2
P56703	CCDS11505.1
Q9P258	CCDS181.1
P57054	CCDS13649.1
P57054	CCDS13650.1
P57054	CCDS82670.1
Q5T7W0	CCDS48008.1
Q5T7W0	CCDS83402.1
Q5T7W0	CCDS83403.1
Q9H4M7	CCDS12737.1
Q9H4M7	CCDS54291.1
Q8N111	CCDS7714.1
O60814	CCDS4621.1
Q86VQ0	CCDS4990.1
O75298	CCDS12665.1
O75298	CCDS12666.1
O75298	CCDS46114.1
Q7Z4W1	CCDS11799.1
Q8TC41	CCDS5129.1
Q8TC41	CCDS69191.1
Q9UII2	CCDS319.1
Q9UII2	CCDS320.1
Q9UII2	CCDS44096.1
Q04725	CCDS45911.1
Q04725	CCDS45912.1
Q04725	CCDS45913.1
O60503	CCDS32382.1
Q12948	CCDS4473.1
Q09470	CCDS8535.1
Q9ULD5	CCDS43675.1
O00764	CCDS13699.1
O15164	CCDS47720.1
O15164	CCDS5847.1
A6NMN3	CCDS53536.1
Q9UHX3	CCDS32933.1
Q9UHX3	CCDS32934.1
Q9UHX3	CCDS32935.1
Q9UHX3	CCDS59361.1
Q8NHY2	CCDS30944.1
Q8NHY2	CCDS44279.1
P10589	CCDS4068.1
Q9H814	CCDS4138.1
Q15172	CCDS1503.1
Q15172	CCDS55686.1
P49683	CCDS7606.1
Q8N350	CCDS12057.2
Q8N350	CCDS92477.1
Q12837	CCDS34074.1
Q9NQE9	CCDS5133.1
Q86SH2	CCDS3483.1
P51452	CCDS11469.1
Q86XP1	CCDS55898.1
Q86XP1	CCDS55899.1
Q86XP1	CCDS9381.1
Q86XP1	CCDS9382.1
A0A1W2PR82	CCDS92081.1
P78358	CCDS14758.1
P78358	CCDS44025.1
Q16829	CCDS33766.2
Q9Y4H2	CCDS9510.1
Q8IXF0	CCDS53891.1
Q8IXF0	CCDS53892.1
Q8IXF0	CCDS55912.1
Q8IXF0	CCDS9645.1
O95948	CCDS42440.1
P25100	CCDS13079.1
P48960	CCDS32929.1
P48960	CCDS32930.1
P48960	CCDS32931.1
Q9NZT2	CCDS13504.1
Q6ZV73	CCDS31878.1
Q14839	CCDS8552.1
O43255	CCDS3152.1
Q969W3	CCDS11693.2
Q969W3	CCDS45766.1
O95674	CCDS13088.1
P51532	CCDS12253.1
P51532	CCDS45972.1
P51532	CCDS45973.1
P51532	CCDS54217.1
P51532	CCDS54218.1
P24468	CCDS10375.1
P24468	CCDS45358.1
P24468	CCDS45359.1
P43362	CCDS14691.1
P43362	CCDS35423.1
Q96L58	CCDS13.1
O15391	CCDS14202.1
Q7Z2K8	CCDS4405.1
Q9C0B9	CCDS45880.1
Q63HK3	CCDS32410.1
O60664	CCDS12137.1
O60664	CCDS59337.1
O60664	CCDS59338.1
Q8IVW8	CCDS42237.1
P06748	CCDS43399.1
P06748	CCDS4376.1
P06748	CCDS4377.1
Q1W6H9	CCDS42645.1
P54259	CCDS31734.1
P21266	CCDS812.1
Q9UII4	CCDS3630.1
Q9H7D7	CCDS31037.2
P31271	CCDS5412.1
Q9NQR7	CCDS59245.1
Q9Y337	CCDS12810.1
Q66LE6	CCDS73224.1
Q5JPI9	CCDS31307.1
O95239	CCDS14401.1
O75822	CCDS10111.1
O75822	CCDS61612.1
O75822	CCDS61613.1
P09936	CCDS3462.1
Q9Y230	CCDS42588.1
Q96AG4	CCDS11566.1
Q14126	CCDS42423.1
P32119	CCDS12281.1
Q92890	CCDS13761.1
Q92890	CCDS33600.2
P46940	CCDS10362.1
O14818	CCDS13489.1
Q9UMS4	CCDS7995.1
P52292	CCDS32713.1
P34932	CCDS4166.1
Q9NY59	CCDS10867.1
Q8N9M5	CCDS11104.1
A0AV96	CCDS3460.1
A0AV96	CCDS43223.1
P52272	CCDS12203.1
P52272	CCDS12204.1
Q86VH5	CCDS7270.1
Q9ULL5	CCDS46143.1
Q92664	CCDS45019.1
Q8IW45	CCDS55903.1
Q8IW45	CCDS91836.1
Q8IW45	CCDS9513.1
O14559	CCDS12477.1
O14559	CCDS54254.1
O14559	CCDS92599.1
Q9Y5Y5	CCDS31472.1
Q9Y5Y5	CCDS7917.1
Q9H0J9	CCDS5857.1
A3KMH1	CCDS31963.1
A3KMH1	CCDS41881.1
O15357	CCDS8213.1
Q12809	CCDS5910.1
Q12809	CCDS5911.1
Q3ZCQ8	CCDS33023.2
O95714	CCDS10021.1
Q15750	CCDS13992.1
Q15750	CCDS13993.1
Q9Y2M0	CCDS32186.1
Q9Y2M0	CCDS58344.1
Q6PK04	CCDS42400.1
Q4G163	CCDS47904.1
Q9H7S9	CCDS6094.1
Q8N8L6	CCDS4400.1
Q9NRE2	CCDS33490.1
Q9NRE2	CCDS54474.1
P21333	CCDS44021.1
P21333	CCDS48194.1
A6NJG2	CCDS43984.1
Q9Y5X3	CCDS13130.1
Q86Y22	CCDS4436.1
Q99426	CCDS12488.1
Q99426	CCDS74344.1
P57679	CCDS3383.1
A0A1W2PQ73	CCDS92627.1
P02462	CCDS76649.1
P02462	CCDS9511.1
P22607	CCDS3353.1
P22607	CCDS3354.1
P22607	CCDS54706.1
O43566	CCDS43405.1
Q5T7N3	CCDS620.1
Q5T7N3	CCDS81334.1
Q9H8X2	CCDS6699.1
O14917	CCDS31986.1
Q1L5Z9	CCDS2046.2
Q1L5Z9	CCDS92818.1
Q5FVE4	CCDS12159.1
Q5FVE4	CCDS82282.1
Q8IZC6	CCDS6802.1
Q8N4S7	CCDS10485.1
Q8N4S7	CCDS66911.1
Q9Y4A8	CCDS5396.1
P23276	CCDS34766.1
O95359	CCDS7625.1
O95359	CCDS7626.1
O95359	CCDS7627.1
O95359	CCDS7628.1
P98161	CCDS32369.1
P98161	CCDS45385.1
Q9NT22	CCDS13316.1
P42025	CCDS2033.1
Q7Z7A3	CCDS12824.1
O43854	CCDS4062.1
O43854	CCDS64195.1
Q86WC4	CCDS5062.1
O95977	CCDS12105.1
O94830	CCDS34883.1
Q9H6W3	CCDS73660.1
Q02083	CCDS43239.1
Q02083	CCDS87233.1
Q9BV23	CCDS2887.1
O94979	CCDS3596.1
O94979	CCDS3597.1
O94979	CCDS43244.1
O94979	CCDS47088.1
O94979	CCDS54773.1
O94979	CCDS75155.1
O94979	CCDS75156.1
Q8WYB5	CCDS58084.1
Q8WYB5	CCDS58085.1
Q8WYB5	CCDS7345.1
Q6PF15	CCDS44685.2
Q9UPA5	CCDS2800.1
Q08477	CCDS12332.1
Q08477	CCDS59362.1
O60508	CCDS5081.1
A6NL88	CCDS46193.1
Q13424	CCDS13220.1
O60320	CCDS45198.1
Q13702	CCDS7936.1
Q13702	CCDS7937.1
O14579	CCDS12387.1
O14579	CCDS12388.1
O14579	CCDS12389.1
Q9H5L6	CCDS3598.1
Q8IWB6	CCDS32692.1
Q8IWB6	CCDS32693.1
Q8IWB6	CCDS56042.1
Q6YHU6	CCDS46268.1
Q6YHU6	CCDS62901.1
Q6YHU6	CCDS62902.1
A7MBM2	CCDS10056.1
Q92529	CCDS6681.1
Q04741	CCDS1921.2
P02461	CCDS2297.1
Q8IYM0	CCDS8788.1
Q9Y3M8	CCDS9348.1
Q9Y3M8	CCDS9349.1
Q9Y3M8	CCDS9350.1
P07814	CCDS31027.1
P50219	CCDS34788.1
P50219	CCDS55187.1
Q13825	CCDS6689.1
Q13825	CCDS78409.1
Q8WYK0	CCDS4055.1
Q14671	CCDS338.1
Q14671	CCDS44099.1
P15924	CCDS4501.1
P15924	CCDS47368.1
Q14571	CCDS41764.1
Q9UL51	CCDS12035.1
O00754	CCDS32919.1
O00754	CCDS54224.1
Q8IXK2	CCDS6737.1
Q8WXI7	CCDS54212.1
O60811	CCDS149.1
Q9Y4F3	CCDS10562.2
Q9Y4F3	CCDS53990.1
Q9Y4F3	CCDS55991.1
P33076	CCDS10544.1
P33076	CCDS66943.1
Q6UWS5	CCDS54450.1
Q15643	CCDS9899.1
O43291	CCDS12510.1
O43291	CCDS54261.1
Q8N6G6	CCDS47954.1
Q8N6G6	CCDS6485.1
Q96E14	CCDS10548.1
O15427	CCDS11804.1
O43559	CCDS4860.1
P0CG40	CCDS46453.1
Q92608	CCDS4371.1
P49279	CCDS2415.1
P04114	CCDS1703.1
P08236	CCDS5530.1
P08236	CCDS64665.1
O75643	CCDS2020.1
P43007	CCDS1879.1
P43007	CCDS54362.1
Q13477	CCDS12028.1
Q13477	CCDS12029.1
Q9NZJ5	CCDS33241.1
Q5TGS1	CCDS41238.1
P01127	CCDS13987.1
P01127	CCDS33650.1
Q9H089	CCDS33922.1
Q96MX3	CCDS10679.1
P31641	CCDS33705.1
P31641	CCDS46765.1
Q9Y618	CCDS41858.2
Q76L83	CCDS92720.1
Q3SY00	CCDS66138.1
Q8NHM5	CCDS41849.1
Q8NHM5	CCDS41850.1
Q92930	CCDS10183.1
P11532	CCDS14229.1
P11532	CCDS14230.1
P11532	CCDS14231.1
P11532	CCDS14232.1
P11532	CCDS14233.1
P11532	CCDS14234.1
P11532	CCDS48091.1
P11532	CCDS55394.1
P11532	CCDS55395.1
P11532	CCDS94585.1
P11532	CCDS94586.1
O60568	CCDS5715.1
P23771	CCDS31143.1
P23771	CCDS7083.1
P07305	CCDS13956.1
Q86TV6	CCDS32140.1
Q9UL26	CCDS33497.1
Q86VD1	CCDS2955.1
Q9H6U6	CCDS11626.1
Q9H6U6	CCDS45749.1
Q9H6U6	CCDS82176.1
Q9H6U6	CCDS82177.1
Q9H6U6	CCDS82178.1
Q15904	CCDS35451.1
Q9HCD5	CCDS13392.1
Q8N307	CCDS63877.1
O95197	CCDS41664.1
O95197	CCDS58141.1
O95197	CCDS58142.1
O95197	CCDS58143.1
O95197	CCDS8048.1
O95197	CCDS8049.1
O95197	CCDS8050.1
Q92911	CCDS12368.1
Q0VAQ4	CCDS44889.1
Q3MIR4	CCDS32093.1
Q13094	CCDS47339.1
P19013	CCDS41787.2
A1X283	CCDS34291.1
Q6IC98	CCDS33672.1
Q9NRA8	CCDS13898.1
Q9NRA8	CCDS54520.1
Q9Y613	CCDS10834.1
Q08462	CCDS3872.2
Q8N831	CCDS42682.1
Q8IXZ3	CCDS43555.1
Q8IXZ3	CCDS5372.1
P33992	CCDS13915.1
P08908	CCDS34168.1
Q14151	CCDS32879.1
Q8WVB6	CCDS45371.1
P23378	CCDS34987.1
Q6NTF9	CCDS43602.1
Q6NTF9	CCDS43603.1
Q5H9U9	CCDS47161.1
Q15911	CCDS10908.1
Q15911	CCDS54035.1
Q96E09	CCDS6623.3
Q96AY4	CCDS46678.1
O43462	CCDS14201.1
Q9Y446	CCDS7695.1
Q8NAF0	CCDS12927.1
O75956	CCDS8169.1
Q5BKX5	CCDS12564.2
Q99490	CCDS44932.1
Q99490	CCDS8951.1
Q7KZI7	CCDS41665.1
Q7KZI7	CCDS53649.1
Q7KZI7	CCDS53650.1
Q7KZI7	CCDS53651.1
Q7KZI7	CCDS8051.2
Q12952	CCDS10959.1
Q96F81	CCDS1536.1
P49190	CCDS2383.1
O95365	CCDS12119.1
P15822	CCDS43426.1
Q9P2S2	CCDS31597.1
Q9P2S2	CCDS8077.1
P27449	CCDS10470.1
Q8N1G0	CCDS992.1
O15143	CCDS5661.1
O95371	CCDS10502.1
Q9P2G3	CCDS32813.1
Q8N3V7	CCDS4308.1
Q8N3V7	CCDS54937.1
Q8N3V7	CCDS54938.1
P81408	CCDS1103.1
P81408	CCDS1104.1
P81408	CCDS58035.1
Q8WV19	CCDS5292.1
Q7RTP6	CCDS46659.1
Q7RTP6	CCDS46660.1
Q7RTP6	CCDS46661.1
Q8TE57	CCDS43299.1
P49815	CCDS10458.1
P49815	CCDS10459.1
P49815	CCDS45384.1
P49815	CCDS58408.1
P49815	CCDS81933.1
P49815	CCDS81934.1
P49815	CCDS92086.1
Q9UHV5	CCDS11363.2
Q9UHV5	CCDS77022.1
O15528	CCDS8954.1
Q4G0X9	CCDS42395.1
Q4G0X9	CCDS58604.1
Q4G0X9	CCDS82212.1
O14686	CCDS44873.1
Q8NEA5	CCDS12967.1
P35247	CCDS7362.1
Q15375	CCDS5031.1
Q15375	CCDS75494.1
Q15375	CCDS93973.1
Q8N7X1	CCDS55478.1
Q8TD57	CCDS10594.1
P13716	CCDS6794.2
Q96HA9	CCDS12178.1
Q96HA9	CCDS77227.1
O00555	CCDS45998.1
O00555	CCDS45999.1
O00555	CCDS82301.1
Q9Y5N6	CCDS10722.1
Q96AX1	CCDS9231.1
Q15329	CCDS47885.1
Q15329	CCDS47886.1
Q15329	CCDS55254.1
O95407	CCDS13532.1
Q9UJA2	CCDS13096.1
Q9UJA2	CCDS46578.1
Q0D2I5	CCDS41741.1
Q0D2I5	CCDS81655.1
Q0D2I5	CCDS8550.2
Q8N8R3	CCDS32156.1
Q9C0E4	CCDS46766.2
A4D1B5	CCDS34672.2
Q03721	CCDS44193.1
Q03721	CCDS821.1
Q9Y4B4	CCDS33765.2
P85037	CCDS34591.1
P54762	CCDS46921.1
O14894	CCDS11054.1
Q6NUI6	CCDS46715.1
O00178	CCDS13977.2
Q9BXI3	CCDS440.1
P12109	CCDS13727.1
Q13952	CCDS44120.1
Q13952	CCDS44121.1
Q13952	CCDS44122.1
Q13952	CCDS44123.1
Q13952	CCDS455.1
Q13952	CCDS81305.1
Q13952	CCDS81306.1
A3KN83	CCDS53844.1
A3KN83	CCDS9246.1
P08574	CCDS6415.1
P46019	CCDS14190.1
Q12950	CCDS34975.1
Q8TC94	CCDS12207.1
P29966	CCDS5101.1
Q5JR98	CCDS30699.1
Q5TCX8	CCDS1598.1
Q9Y5F2	CCDS4253.1
P57073	CCDS10428.1
Q8N987	CCDS47889.1
Q9P289	CCDS14631.1
Q9P289	CCDS43995.1
Q9P289	CCDS48168.1
P21549	CCDS2543.1
Q8IVF5	CCDS34558.1
Q8IVF5	CCDS34559.1
Q9BT30	CCDS12163.1
P49754	CCDS5457.1
P49754	CCDS5458.2
P98160	CCDS30625.1
O76013	CCDS11395.1
O15245	CCDS5274.1
O15245	CCDS5275.1
Q15139	CCDS9637.1
Q6XR72	CCDS31026.1
Q9Y3P4	CCDS13850.1
P42858	CCDS43206.1
Q8TAE7	CCDS1809.1
Q8TAE7	CCDS42674.1
Q7M4L6	CCDS10120.2
P51610	CCDS44020.1
Q9BV87	CCDS2433.1
O60883	CCDS1420.1
P61981	CCDS5584.1
P02749	CCDS11663.1
A6QL63	CCDS31893.1
A6QL63	CCDS41827.1
A6QL63	CCDS86332.1
O95274	CCDS12620.1
Q6P158	CCDS1800.1
O75962	CCDS3883.1
P28290	CCDS2284.1
P28290	CCDS46467.1
P22735	CCDS9622.1
Q4ZIN3	CCDS12052.1
Q4ZIN3	CCDS32862.1
P26006	CCDS11558.1
Q8N0Z9	CCDS44992.1
O94910	CCDS12307.1
O94910	CCDS32928.1
Q9Y2B1	CCDS8966.1
Q8NHC7	CCDS31112.1
Q96N64	CCDS47331.1
Q96N64	CCDS47332.1
Q96N64	CCDS58990.1
O60347	CCDS41553.1
P15144	CCDS10356.1
P02489	CCDS13695.1
P31391	CCDS42856.1
P42684	CCDS30947.1
P42684	CCDS41441.2
P42684	CCDS44282.1
P42684	CCDS53435.1
P42684	CCDS53436.1
P42684	CCDS53437.1
P42684	CCDS53438.1
Q9H4G0	CCDS13271.1
Q9H4G0	CCDS13272.1
Q9H4G0	CCDS58770.1
Q14999	CCDS4881.1
Q6NVY1	CCDS2304.1
Q6NVY1	CCDS46475.1
Q9BZW4	CCDS42528.1
Q9BX66	CCDS31252.1
Q9BX66	CCDS31253.1
Q9BX66	CCDS31254.1
Q9BX66	CCDS31255.1
Q9BX66	CCDS31256.1
Q9BX66	CCDS73169.1
Q9BX66	CCDS7442.1
Q9BX66	CCDS76326.1
Q9BX66	CCDS76327.1
Q9H0R6	CCDS5057.1
Q6UB35	CCDS5228.1
Q6UB35	CCDS56457.1
Q9GZU2	CCDS12948.1
Q9GZU2	CCDS58684.1
Q9GZU2	CCDS58685.1
O95861	CCDS41469.1
O95861	CCDS65787.1
O95861	CCDS65788.1
Q6ZU64	CCDS2430.2
Q6ZU64	CCDS2431.2
Q6ZU64	CCDS63125.1
Q6ZU64	CCDS63126.1
Q6P9B6	CCDS32498.1
P48735	CCDS10359.1
P48735	CCDS76792.1
O43286	CCDS13420.1
P30305	CCDS13065.1
P30305	CCDS13066.1
P30305	CCDS13067.1
Q969U6	CCDS7014.1
Q9UBL6	CCDS10980.1
Q9UBL6	CCDS10981.1
P41970	CCDS9060.1
Q13188	CCDS47900.1
Q13188	CCDS59108.1
Q9ULU8	CCDS2898.1
Q9ULU8	CCDS2899.1
Q9ULU8	CCDS46858.1
O60479	CCDS11556.1
P78357	CCDS11436.1
Q6T4R5	CCDS14181.1
Q6T4R5	CCDS48087.1
Q6T4R5	CCDS94562.1
Q02505	CCDS78262.1
P29374	CCDS45114.1
P29374	CCDS9732.1
P29374	CCDS9733.1
P51690	CCDS14122.1
Q9H4X1	CCDS41880.1
P31152	CCDS42437.1
Q09428	CCDS31437.1
Q09428	CCDS73264.1
Q5JPE7	CCDS10570.1
Q5JPE7	CCDS32394.1
Q92628	CCDS43209.1
Q8TBN0	CCDS60809.1
Q8TBN0	CCDS8014.1
Q6V1P9	CCDS47150.1
Q6V1P9	CCDS87275.1
O96024	CCDS34425.1
Q9HBB8	CCDS7707.1
Q9HBB8	CCDS7708.1
Q9HBB8	CCDS91397.1
Q08378	CCDS53846.1
Q08378	CCDS9281.1
P37058	CCDS6716.1
P08588	CCDS7586.1
Q5MIZ7	CCDS1855.1
Q5MIZ7	CCDS46289.1
Q5MIZ7	CCDS62913.1
Q7Z6G8	CCDS55864.1
Q7Z6G8	CCDS55865.1
Q7Z6G8	CCDS55866.1
Q7Z6G8	CCDS55867.1
Q7Z6G8	CCDS55868.1
Q7Z6G8	CCDS55869.1
Q7Z6G8	CCDS55870.1
Q7Z6G8	CCDS55871.1
Q7Z6G8	CCDS55872.1
Q9UL25	CCDS9003.1
Q9H3U1	CCDS10367.1
Q9H3U1	CCDS42082.1
P11413	CCDS44023.1
P23760	CCDS2448.1
P23760	CCDS2449.1
P23760	CCDS2450.1
P23760	CCDS2451.1
P23760	CCDS42825.1
P23760	CCDS42826.1
P23760	CCDS46522.1
P23760	CCDS46523.1
Q96E11	CCDS48013.1
Q96E11	CCDS55336.1
Q96E11	CCDS6840.1
Q96E11	CCDS87684.1
Q9BXR0	CCDS12248.1
Q8TAB3	CCDS43976.1
Q8TAB3	CCDS48141.1
Q8TAB3	CCDS55462.1
O60304	CCDS32383.1
O60304	CCDS76814.1
Q96HF1	CCDS34082.1
P46937	CCDS44716.1
P46937	CCDS53699.1
P46937	CCDS53700.1
P46937	CCDS60944.1
P46937	CCDS60945.1
P46937	CCDS73373.1
P46937	CCDS73374.1
P46937	CCDS8314.2
Q7Z6R9	CCDS4933.1
P43088	CCDS30759.1
P43088	CCDS686.1
P11166	CCDS477.1
Q969F8	CCDS12049.1
Q86YC3	CCDS3319.1
Q16204	CCDS7257.1
Q6ZMZ0	CCDS372.2
Q6ZMZ0	CCDS44107.1
Q6ZMZ0	CCDS72754.1
Q14444	CCDS31453.1
Q14444	CCDS31454.1
Q9H2F5	CCDS60511.1
Q9H2F5	CCDS7172.1
Q9H2F5	CCDS73083.1
P49640	CCDS5413.1
P02545	CCDS1129.1
P02545	CCDS1131.1
P02545	CCDS58038.1
P02545	CCDS72941.1
P22670	CCDS12301.1
Q6UXU4	CCDS10631.1
Q6UXU4	CCDS45450.1
Q6UXU4	CCDS81960.1
Q9H1B7	CCDS9854.1
P14616	CCDS1160.1
Q9UPZ9	CCDS4949.1
Q96SI1	CCDS12434.1
Q96SI1	CCDS46039.1
P35555	CCDS32232.1
P19622	CCDS5940.1
P41250	CCDS43564.1
Q6Q0C1	CCDS9959.1
Q9C0D2	CCDS44708.1
Q13202	CCDS7724.1
Q6UWI4	CCDS31951.1
P30043	CCDS33029.1
P28799	CCDS11483.1
P03372	CCDS5234.1
Q14BN4	CCDS33774.1
Q14BN4	CCDS77757.1
Q14BN4	CCDS77758.1
Q14BN4	CCDS93301.1
Q5W0B1	CCDS31997.1
Q13347	CCDS357.1
O00487	CCDS46437.1
Q8WWT9	CCDS13400.1
Q8WWT9	CCDS42886.1
Q8WWT9	CCDS54469.1
Q8WWT9	CCDS54470.1
P43681	CCDS13517.1
Q5T5S1	CCDS43906.1
Q14562	CCDS11464.1
Q8TEW0	CCDS53509.1
Q8TEW0	CCDS53510.1
Q8TEW0	CCDS53511.1
Q8TEW0	CCDS53512.1
Q8TEW0	CCDS53513.1
Q8TEW0	CCDS53514.1
Q8TEW0	CCDS53515.1
Q8TEW0	CCDS53516.1
Q8TEW0	CCDS7178.1
P50895	CCDS12644.1
O43763	CCDS1947.1
Q9Y5E3	CCDS4248.1
A1A5C7	CCDS34331.1
A1A5C7	CCDS47363.1
A1A5C7	CCDS75389.1
P49335	CCDS14450.1
P10914	CCDS4155.1
O95822	CCDS42206.1
O95500	CCDS13645.1
P0CAP1	CCDS10162.1
P0CAP1	CCDS42044.1
O60359	CCDS10620.1
Q14146	CCDS31052.1
Q2TAA5	CCDS31977.1
O75828	CCDS13642.1
O60879	CCDS14467.1
O60879	CCDS14468.1
O95503	CCDS13980.1
Q14774	CCDS1527.1
A0A286YF58	CCDS93458.1
Q9NS37	CCDS41697.1
Q5T481	CCDS44477.1
P35916	CCDS43412.1
P35916	CCDS4457.1
Q8NGR4	CCDS35131.1
Q9Y6X8	CCDS6336.1
Q6UXT9	CCDS32602.1
Q8WWM7	CCDS10639.1
Q8WWM7	CCDS10640.1
Q8WWM7	CCDS10641.1
Q8WWM7	CCDS32423.1
Q8WWM7	CCDS45451.1
Q8WWM7	CCDS58443.1
P67812	CCDS45340.1
P67812	CCDS61742.1
P67812	CCDS61743.1
P67812	CCDS61744.1
Q8IYK4	CCDS1360.1
Q9Y2X0	CCDS12047.1
Q6ZSZ6	CCDS12009.1
Q6ZSZ6	CCDS77199.1
Q14644	CCDS32016.1
P78415	CCDS10750.1
P11086	CCDS11343.1
P14222	CCDS7305.1
Q8WTX7	CCDS43001.1
O95848	CCDS10000.1
Q9NYZ1	CCDS42274.1
Q96I82	CCDS7509.1
Q9NY15	CCDS33768.1
Q96PE2	CCDS8221.1
Q13342	CCDS33392.1
Q13342	CCDS42831.1
Q13342	CCDS63149.1
Q13342	CCDS63150.1
Q13342	CCDS63151.1
O43889	CCDS6588.1
Q8WUT9	CCDS14577.1
Q6H8Q1	CCDS47011.1
Q6H8Q1	CCDS47012.1
Q6H8Q1	CCDS47013.1
Q6H8Q1	CCDS47014.1
Q6H8Q1	CCDS47015.1
Q6H8Q1	CCDS47016.1
Q6H8Q1	CCDS54719.1
Q6H8Q1	CCDS68669.1
Q6PCB7	CCDS32953.1
Q8IZF2	CCDS4919.1
O60603	CCDS3784.1
P48436	CCDS11689.1
Q15915	CCDS3136.1
Q16280	CCDS14701.1
Q9Y2E4	CCDS7054.1
Q9HAS3	CCDS6670.1
Q96HR8	CCDS3803.1
Q96HR8	CCDS47159.1
Q9BVT8	CCDS5920.1
H3BV60	CCDS58648.1
Q0VDD7	CCDS12299.1
Q0VDD7	CCDS92536.1
O43790	CCDS41785.1
Q9UJT2	CCDS12780.1
O15195	CCDS2670.2
Q92797	CCDS12676.2
Q15077	CCDS8220.1
P50406	CCDS197.1
Q9UQ07	CCDS61552.1
Q9UQ07	CCDS81854.1
Q9UQ07	CCDS9971.1
Q7Z5K2	CCDS7375.1
P80297	CCDS10768.1
P0DKB5	CCDS60895.1
Q9Y651	CCDS9473.1
P04920	CCDS56520.1
P04920	CCDS56521.1
P04920	CCDS5917.1
P18146	CCDS4206.1
Q8N715	CCDS1537.1
O75363	CCDS13444.1
Q8IYR6	CCDS6750.1
Q96EY5	CCDS12359.1
P06213	CCDS12176.1
P06213	CCDS42487.1
Q1XH10	CCDS44363.1
Q8NGC2	CCDS41916.1
P78414	CCDS34132.1
P61604	CCDS2320.1
O14756	CCDS8925.1
O15467	CCDS11303.1
Q9UMZ2	CCDS11321.1
Q9UMZ2	CCDS11322.2
Q9UMZ2	CCDS54113.1
Q9UMZ2	CCDS54114.1
Q9UMZ2	CCDS59284.1
Q9UMZ2	CCDS59285.1
P49763	CCDS55932.1
P49763	CCDS9835.1
P46089	CCDS303.1
P18847	CCDS1506.1
P18847	CCDS41464.1
P18847	CCDS55688.1
P18847	CCDS58059.1
